<?xml version="1.0" encoding="utf-8" ?><dwsync><file name="body.png" server="www.markitmedia.net//" local="3374159700" remote="11964120572" /><file name="footer.png" server="www.markitmedia.net//" local="3374160220" remote="11964120572" /><file name="header.png" server="www.markitmedia.net//" local="3374159657" remote="11964120572" /><file name="template.html" server="www.markitmedia.net//" local="3374249005" remote="16259176068" /><file name="body.png" server="www.markitmedia.net//public_html/" local="3384790053" remote="16269717648" /><file name="footer.png" server="www.markitmedia.net//public_html/" local="3384790184" remote="16269717648" /><file name="header.png" server="www.markitmedia.net//public_html/" local="3384789996" remote="16269717648" /><file name="template.html" server="www.markitmedia.net//public_html/" local="3384790638" remote="16269718008" /></dwsync>