<?xml version="1.0" encoding="utf-8" ?><dwsync><file name="index.php" server="mmweb.co//public_html/proof/" local="3409079286" remote="16294006368" /><file name="email_function.php" server="mmweb.co//public_html/proof/" local="3409077293" remote="16294005108" /><file name="thank-you.php" server="mmweb.co//public_html/proof/" local="3409080263" remote="16294007328" /><file name="index.html" server="mmweb.co//public_html/proof/" local="3409077576" remote="16294004628" /><file name="email_function2.php" server="mmweb.co//public_html/proof/" local="3409080482" remote="16294007568" /><file name="corrections.php" server="mmweb.co//public_html/proof/" local="3409080055" remote="16294007088" /><file name="thank-you-corrections.php" server="mmweb.co//public_html/proof/" local="3409080373" remote="16294007448" /><file name="admin.php" server="mmweb.co//public_html/proof/" local="3411753983" remote="16296681048" /></dwsync>