<?xml version="1.0" encoding="utf-8" ?><dwsync><file name="example.html" server="mmweb.co/public_html/Hosted_Clients/livejacked/" local="3384176248" remote="11977854692" /><file name="jquery.cycle.all.min.js" server="mmweb.co/public_html/Hosted_Clients/livejacked/" local="3384176249" remote="11977854692" /><file name="jquery.cycle.lite.min.js" server="mmweb.co/public_html/Hosted_Clients/livejacked/" local="3384176249" remote="11977854692" /><file name="jquery.cycle.min.js" server="mmweb.co/public_html/Hosted_Clients/livejacked/" local="3384176250" remote="11977854692" /><file name="readme.txt" server="mmweb.co/public_html/Hosted_Clients/livejacked/" local="3384176250" remote="11977854692" /><file name="example.html" server="mmweb.co/public_html/" local="3384176248" remote="11977877192" /><file name="jquery.cycle.all.min.js" server="mmweb.co/public_html/" local="3384176249" remote="11977877192" /><file name="jquery.cycle.lite.min.js" server="mmweb.co/public_html/" local="3384176249" remote="11977877192" /><file name="jquery.cycle.min.js" server="mmweb.co/public_html/" local="3384176250" remote="11977877192" /><file name="readme.txt" server="mmweb.co/public_html/" local="3384176250" remote="11977877192" /></dwsync>